Title;Availability;Code;Price;EAN;Category
Acer Liquid Jade Dual SIM S55 Black;5;1030-101600-HU03;160.40;4713147654833;Mobiles
Acer Liquid Jade Dual SIM S55 Black;5;A20100018-HU11;188.90;;Mobiles
Acer Liquid Jade Dual SIM S55 White;5;1030-101601-HU03;161.40;4713147654857;Mobiles
Acer Liquid Jade Dual SIM S55 White;5;A20100019-HU11;188.90;;Mobiles
Alcatel Hero OT-8020X Black;20;1029-100214-HU01;148.20;;Mobiles
Alcatel Hero OT-8020X Black;5;A20200132-HU11;300.50;;Mobiles
Alcatel Idol 2 Mini OT-6016X Gray;5;A20200121-HU11;111.40;;Mobiles
Alcatel Idol 2 Mini OT-6016X White;5;A20200120-HU11;111.40;;Mobiles
Alcatel Idol 2 OT-6037Y Brown;5;A20200124-HU11;142.40;;Mobiles
Alcatel OT-T10 Tab Black;5;A20200051-HU11;78.10;;Mobiles
Alcatel One Touch 992D White;5;A20200069-HU11;114.50;;Mobiles
Alcatel One Touch Idol Ultra 6033X Black;5;A20200110-HU11;148.60;;Mobiles
Alcatel One Touch Star 6010D Gray;5;A20200075-HU11;90.60;;Mobiles
Alcatel One Touch Star 6010D Silver;20;B32100030-HU01;71.10;6958026816300;Mobiles
Alcatel One Touch Star 6010D Silver;5;A20200076-HU11;90.60;;Mobiles
Alcatel One Touch Star 6010D White;5;1029-101503-HU01;71.30;;Mobiles
Alcatel One Touch Star 6010D White;5;A20200074-HU11;90.60;;Mobiles
Alcatel One Touch Tab 7 Dual Core T15 Black;5;A20200116-HU11;84.40;;Mobiles
Alcatel One Touch XPop 5035D Black;5;A20200091-HU11;130.00;;Mobiles
Alcatel Pop D3 Dual SIM OT-4035D Brown;5;A20200130-HU11;65.60;;Mobiles
Alcatel Pop D5 Dual SIM OT-5038D Blue;5;A20200127-HU11;90.60;;Mobiles
Alcatel Pop D5 Dual SIM OT-5038D Brown;5;A20200126-HU11;90.60;;Mobiles
Alcatel Pop D5 Dual SIM OT-5038D White;5;A20200128-HU11;90.60;;Mobiles
Apple MacBook 12 MK4M2 ZP/A Silver;5;2100-101637-HU03;1365.20;888462323994;Mobiles
Apple MacBook Air 13 MD761 Silver;5;B40300032-HU03;933.60;885909943432;Mobiles
Apple MacBook Air 13 MJVE2 Silver;20;2100-101204-HU03;837.40;888462348515;Mobiles
Apple MacBook Air 13 MJVG2 Silver;20;2100-101962-HU03;1009.90;888462348911;Mobiles
Apple MacBook Pro 13 MF841 LL/A Silver;5;2100-101552-HU03;1509.80;885909938384;Mobiles
Apple Watch Sport 38mm Blue;5;A20300400-HU11;402.80;;Mobiles
Apple Watch Sport 38mm Gray;20;A20300404-HU11;402.80;;Mobiles
Apple Watch Sport 38mm Green;20;A20300401-HU11;402.80;;Mobiles
Apple Watch Sport 38mm Pink;5;A20300406-HU11;402.80;;Mobiles
Apple Watch Sport 38mm White;20;A20300280-HU11;402.80;;Mobiles
Apple Watch Sport 42mm Blue;5;A20300402-HU11;433.80;;Mobiles
Apple Watch Sport 42mm White;5;A20300405-HU11;433.80;;Mobiles
Apple iPad Air 16GB 4G WiFi + Cellular White;5;A20300240-HU11;402.80;;Mobiles
Apple iPad Air 2 4G WiFi + Cellular 16GB Gold;20;A20300348-HU11;464.80;;Mobiles
Apple iPad Air 2 4G WiFi + Cellular 16GB Gray;5;A20300349-HU11;464.80;;Mobiles
Apple iPad Air 2 4G WiFi + Cellular 16GB Silver;5;A20300350-HU11;464.80;;Mobiles
Apple iPad Air 2 WiFi 128GB Gray;20;A20300353-HU11;545.40;;Mobiles
Apple iPad Air 2 WiFi 128GB Silver;20;A20300373-HU11;545.40;;Mobiles
Apple iPad Air 2 WiFi 16GB Gray;5;A20300345-HU11;393.50;;Mobiles
Apple iPad Air 2 WiFi 16GB Silver;5;2002-102031-HU01;401.50;;Mobiles
Apple iPad Air WiFi 16GB Black;5;A20300232-HU11;340.80;;Mobiles
Apple iPad Mini 2 128GB 4G WiFi + Cellular Black;5;A20300252-HU11;526.80;;Mobiles
Apple iPad Mini 2 128GB WiFi Black;5;A20300257-HU11;402.80;;Mobiles
Apple iPad Mini 2 32GB WiFi White;5;A20300255-HU11;322.20;;Mobiles
Apple iPad Mini 2 64GB 4G WiFi + Cellular Black;5;A20300269-HU11;464.80;;Mobiles
Apple iPad Mini 2 64GB 4G WiFi + Cellular White;5;A20300259-HU11;464.80;;Mobiles
Apple iPad Mini 3 4G WiFi + Cellular 16GB Gold;5;A20300357-HU11;421.40;;Mobiles
Apple iPad Mini 3 4G WiFi + Cellular 16GB Gray;5;A20300356-HU11;421.40;;Mobiles
Apple iPad Mini 3 4G WiFi + Cellular 16GB Silver;5;A20300355-HU11;421.40;;Mobiles
Apple iPad Mini 3 WiFi 128GB  Gray;5;A20300363-HU11;495.80;;Mobiles
Apple iPad Mini 3 WiFi 128GB  Silver;5;A20300379-HU11;495.80;;Mobiles
Apple iPad Mini 64GB 4G WiFi + Cellular Black;5;B30200148-HU03;334.60;885909669820;Mobiles
Apple iPhone 4S 8GB White;20;A20300179-HU11;226.10;;Mobiles
Apple iPhone 5 16GB White;5;A20300104-HU11;436.90;;Mobiles
Apple iPhone 5C 8GB Blue;5;A20300300-HU11;285.00;;Mobiles
Apple iPhone 5S 16GB Gold;5;A20300193-HU11;483.40;;Mobiles
Apple iPhone 5S 16GB Gold;5;A20300203-HU11;483.40;;Mobiles
Apple iPhone 5S 16GB Gray;5;A20300172-HU11;483.40;;Mobiles
Apple iPhone 5S 16GB Gray;20;A20300263-HU11;483.40;;Mobiles
Apple iPhone 5S 16GB White;5;A20300173-HU11;483.40;;Mobiles
Apple iPhone 5S 16GB White;20;A20300204-HU11;483.40;;Mobiles
Apple iPhone 6 128GB Silver;5;A20300322-HU11;725.20;;Mobiles
Apple iPhone 6 128GB Silver;5;A20300328-HU11;734.50;;Mobiles
Apple iPhone 6 16GB Gray;20;A20300297-HU11;573.30;;Mobiles
Apple iPod Nano 16GB Blue;5;A20300388-HU11;142.40;;Mobiles
Apple iPod Nano 16GB Green;5;A20300389-HU11;142.40;;Mobiles
Apple iPod Touch 5th Generation 16GB Black-Silver;5;B30200174-HU01;182.20;;Mobiles
Aston Martin Aspire AM-668 White;5;A21900004-HU11;123.80;;Mobiles
Asus Padfone Mini Dual Sim PF400CG + Tab Station P72G Black;5;A20400023-HU11;201.30;;Mobiles
Asus Padfone S PF500KL Black;5;A20400021-HU11;257.10;;Mobiles
Asus Padfone S PF500KL White;5;A20400022-HU11;257.10;;Mobiles
Asus ZenFone 2 ZE500CL White;5;A20400042-HU11;164.10;;Mobiles
Asus Zenfone 5 8GB A500KL Black;5;A20400014-HU11;148.60;;Mobiles
Asus Zenfone 5 8GB A500KL Red;5;A20400017-HU11;148.60;;Mobiles
Asus Zenfone 5 8GB A500KL White;5;A20400018-HU11;148.60;;Mobiles
Asus Zenfone 6 16GB A600CG White;5;A20400040-HU11;185.80;;Mobiles
Asus Zenfone 6 16GB A601CG Black;5;A20400039-HU11;185.80;;Mobiles
Asus Zenfone 6 16GB A601CG Red;5;A20400029-HU11;185.80;;Mobiles
Asus Zenfone 6 16GB A601CG White;5;A20400026-HU11;185.80;;Mobiles
BlackBerry Classic Q20 Black;5;1024-100764-HU03;268.00;802975058679;Mobiles
BlackBerry Classic Q20 Black;20;A20500136-HU11;288.10;;Mobiles
BlackBerry Classic Q20 White;5;A20500139-HU11;319.10;;Mobiles
BlackBerry Leap Gray;5;A20500140-HU11;238.50;;Mobiles
BlackBerry Passport Black;20;A20500132-HU11;433.80;;Mobiles
BlackBerry Passport Black;5;1024-101608-HU01;468.70;;Mobiles
BlackBerry Passport White;5;A20500135-HU11;433.80;;Mobiles
BlackBerry Porsche Design P9982 Black;5;A20500126-HU11;588.80;;Mobiles
BlackBerry Porsche Design P9982 Black;5;A20500138-HU11;588.80;;Mobiles
BlackBerry Q10 SQN100 Black;;1024-100145-HU03;161.40;802975666171;Mobiles
BlackBerry Q10 SQN100 Black;5;A20500113-HU11;168.80;;Mobiles
BlackBerry Q10 SQN100 White;30;1024-100504-HU03;151.20;802975666188;Mobiles
BlackBerry Q10 SQN100 White;20;A20500117-HU11;173.40;;Mobiles
BlackBerry Q5 SQR100 Pink;5;A20500134-HU11;142.40;;Mobiles
BlackBerry Z10 3G White;5;A20500128-HU11;185.80;;Mobiles
BlackBerry Z30 3G White;5;B30400190-HU03;212.90;802975056934;Mobiles
BlackBerry Z30 3G White;5;B30400190-HU01;212.90;802975056934;Mobiles
BlackBerry Z30 LTE Black;20;1024-101927-HU03;213.20;802975056927;Mobiles
BlackBerry Z30 LTE Black;5;A20500123-HU11;241.60;;Mobiles
BlackBerry Z30 LTE White;5;A20500130-HU11;241.60;;Mobiles
Caterpillar CAT B15Q Black;30;A23100007-HU11;254.00;;Mobiles
Caterpillar CAT B25 Black;50;A23100002-HU11;68.70;;Mobiles
Caterpillar CAT B30 Dual SIM Black;30;A23100012-HU11;96.90;;Mobiles
Caterpillar CAT S50 Black;20;A23100009-HU11;347.00;;Mobiles
HTC Butterfly S 901S Pink;5;A21000467-HU11;244.70;;Mobiles
HTC Desire 310 Blue;5;B30800443-HU03;78.20;4718487647316;Mobiles
HTC Desire 310 Blue;5;A21000378-HU11;96.90;;Mobiles
HTC Desire 310 White;5;B30800444-HU03;78.20;4718487647323;Mobiles
HTC Desire 310 White;5;A21000386-HU11;96.90;;Mobiles
HTC Desire 310 1 SIM Blue;5;A21000379-HU11;87.50;;Mobiles
HTC Desire 310 1 SIM Blue;5;A21000457-HU11;90.60;;Mobiles
HTC Desire 310 1 SIM Orange;5;A21000426-HU11;87.50;;Mobiles
HTC Desire 310 1 SIM White;5;1021-100781-HU03;75.20;4718487647989;Mobiles
HTC Desire 310 1 SIM White;5;A21000373-HU11;87.50;;Mobiles
HTC Desire 516 Black;5;1021-101710-HU03;105.90;4718487652976;Mobiles
HTC Desire 516 Black;5;A21000415-HU11;139.30;;Mobiles
HTC Desire 516 White;5;1021-101616-HU03;105.90;4718487653287;Mobiles
HTC Desire 516 White;5;A21000416-HU11;139.30;;Mobiles
HTC Desire 610 Blue;20;1021-101995-HU03;136.00;4718487649570;Mobiles
HTC Desire 610 White;20;1021-101996-HU03;136.00;4718487649525;Mobiles
HTC Desire 616 Black;5;A21000404-HU11;154.80;;Mobiles
HTC Desire 616 White;5;A21000403-HU11;154.80;;Mobiles
HTC Desire 626 Blue;5;1021-101138-HU03;170.30;4718487668274;Mobiles
HTC Desire 626 Gray;20;1021-101733-HU03;166.50;4718487674718;Mobiles
HTC Desire 820 Dual SIM Black Blue;20;1021-101997-HU03;249.70;6951763405561;Mobiles
HTC Desire 820 Dual SIM Black Orange;5;A21000435-HU11;269.50;;Mobiles
HTC Desire 820 Dual SIM White Blue;5;A21000460-HU11;269.50;;Mobiles
HTC Desire 820 Dual SIM White Blue;5;A21000433-HU11;275.70;;Mobiles
HTC Desire 820 Dual SIM White Orange;5;A21000434-HU11;269.50;;Mobiles
HTC Desire 820 LTE Gray;5;1021-102001-HU03;236.60;4718487665235;Mobiles
HTC Desire VT T328t Red;5;A21000321-HU11;167.20;;Mobiles
HTC ONE Mini 601s Black;5;A21000359-HU11;247.80;;Mobiles
HTC One E8 Black;20;1021-101886-HU03;284.20;4718487655991;Mobiles
HTC One E8 Black;5;A21000410-HU11;307.30;;Mobiles
HTC One E8 White;5;1021-101887-HU03;282.20;4718487655984;Mobiles
HTC One E8 White;5;A21000424-HU11;307.30;;Mobiles
HTC One M9 Gray;5;1021-101480-HU01;472.20;4718487670291;Mobiles
HTC One M9 Gray;5;1021-101327-HU03;573.20;4718487671618;Mobiles
HTC One M9 Silver;5;1021-101614-HU01;472.20;4718487668168;Mobiles
HTC One M9 Silver;5;1021-101303-HU01;474.20;4718487671557;Mobiles
HTC One M9 Silver;5;1021-101303-HU03;474.20;4718487671557;Mobiles
HTC One M9 Silver;5;A21000469-HU11;549.60;;Mobiles
HTC One M9 Silver;5;A21000450-HU11;551.90;;Mobiles
HTC One Max 16GB 803n Silver;5;B30800432-HU01;289.10;;Mobiles
HTC One Max 16GB 803n Silver;5;A21000368-HU11;343.90;;Mobiles
HTC One SU T528w Black;5;A21000306-HU11;123.80;;Mobiles
HTC One SU T528w White;5;A21000305-HU11;123.80;;Mobiles
HTC Re Camera E610 Green;5;A21000452-HU11;142.40;;Mobiles
HTC Re Camera E610 Orange;5;A21000440-HU11;142.40;;Mobiles
HTC Re Camera E610 White;5;A21000439-HU11;142.40;;Mobiles
Huawei Ascend G525 Black;5;A21100023-HU11;120.70;;Mobiles
Huawei Ascend G525 White;5;A21100022-HU11;120.70;;Mobiles
Huawei Ascend G535 Gray;50;1020-101638-HU03;97.40;6901443053193;Mobiles
Huawei Ascend G535 Gray;5;A21100078-HU11;123.80;;Mobiles
Huawei Ascend G610 Black;5;A21100028-HU11;120.70;;Mobiles
Huawei Ascend G620S White;20;1020-101559-HU03;105.60;6901443030088;Mobiles
Huawei Ascend G630 Black;20;1020-100646-HU03;104.50;6901443004928;Mobiles
Huawei Ascend G630 Black;5;A21100076-HU11;126.90;;Mobiles
Huawei Ascend G7 Silver;5;1020-101039-HU03;189.80;6901443025183;Mobiles
Huawei Ascend G730 Black;30;B30900080-HU03;115.70;6901443002375;Mobiles
Huawei Ascend G730 Black;5;A21100026-HU11;133.10;;Mobiles
Huawei Ascend G730 White;30;B30900081-HU03;115.70;6901443002368;Mobiles
Huawei Ascend G730 White;5;A21100077-HU11;136.20;;Mobiles
Huawei Ascend Mate 7 Black;20;1020-101459-HU03;307.50;6901443028153;Mobiles
Huawei Ascend Mate 7 Silver;5;A21100049-HU11;334.60;;Mobiles
Huawei Ascend Mate 7 Dual SIM Gold;5;1020-101461-HU03;371.30;6901443043804;Mobiles
Huawei Ascend Mate MT1-U06 Black;5;A21100015-HU11;216.80;;Mobiles
Huawei Ascend Mate MT1-U06 Black;5;A21100021-HU11;232.30;;Mobiles
Huawei Ascend Mate MT1-U06 White;5;A21100016-HU11;216.80;;Mobiles
Huawei Ascend P1 White;5;A21100008-HU11;216.80;;Mobiles
Huawei Ascend P6 Black;5;A21100017-HU11;226.10;;Mobiles
Huawei Ascend P7 Black;5;A21100025-HU11;238.50;;Mobiles
Huawei Ascend Y520 Dual SIM Black;20;1020-101294-HU03;63.40;6901443035175;Mobiles
Huawei Ascend Y520 Dual SIM Black;5;A21100065-HU11;90.60;;Mobiles
Huawei Ascend Y520 Dual SIM White;50;1020-101295-HU03;63.40;6901443035168;Mobiles
Huawei Ascend Y520 Dual SIM White;5;A21100066-HU11;90.60;;Mobiles
Huawei Ascend Y530 Black;20;B30900017-HU03;63.90;6920702798927;Mobiles
Huawei Ascend Y530 Black;5;A21100064-HU11;93.80;;Mobiles
Huawei Ascend Y530 White;20;B30900022-HU03;63.90;6920702798910;Mobiles
Huawei Ascend Y530 White;5;A21100067-HU11;93.80;;Mobiles
Huawei Ascend Y540 Dual SIM Black;50;1020-101555-HU03;69.00;6901443047949;Mobiles
Huawei Ascend Y540 Dual SIM Black;5;A21100068-HU11;96.90;;Mobiles
Huawei Ascend Y540 Dual SIM White;50;1020-101556-HU03;69.00;6901443047963;Mobiles
Huawei Ascend Y540 Dual SIM White;5;A21100069-HU11;96.90;;Mobiles
Huawei Ascend Y600 Black;50;1020-100068-HU03;72.10;6901443023417;Mobiles
Huawei Ascend Y600 Black;5;A21100070-HU11;108.30;;Mobiles
Huawei Ascend Y600 White;30;1020-101314-HU03;72.10;6901443023424;Mobiles
Huawei Ascend Y600 White;5;1020-101314-HU01;72.30;6901443023424;Mobiles
Huawei Ascend Y600 White;5;A21100071-HU11;108.30;;Mobiles
Huawei Ascend Y635 Dual SIM Black;5;A21100081-HU11;120.70;;Mobiles
Huawei Ascend Y635 Dual SIM White;5;A21100073-HU11;120.70;;Mobiles
Huawei Ascend Y635 Dual SIM White;5;A21100080-HU11;120.70;;Mobiles
Huawei Honor 3C Lite Dual SIM Black White;5;A21100052-HU11;148.60;;Mobiles
Huawei Y210 Black;5;A21100020-HU11;87.50;;Mobiles
LG Aka H788 Blue;5;1018-101219-HU03;197.00;8806084978769;Mobiles
LG Aka H788 Blue;5;A21400693-HU11;216.80;;Mobiles
LG Aka H788 White;5;1018-101221-HU03;197.00;8806084978783;Mobiles
LG Aka H788 White;5;A21400692-HU11;216.80;;Mobiles
LG Aka H788 Yellow;5;1018-101222-HU03;197.00;8806084978790;Mobiles
LG Aka H788 Yellow;5;A21400691-HU11;216.80;;Mobiles
LG F70 D315 Black;5;A21400626-HU11;114.50;;Mobiles
LG G Flex 2 H955 Titanium-Silver;5;A21400714-HU11;415.20;;Mobiles
LG G Flex 2 H955 Titanium-Silver;5;1018-101747-HU03;416.80;8806084979964;Mobiles
LG G Pad 7.0 V400 Black;5;A21400611-HU11;136.20;;Mobiles
LG G Pad 7.0 V400 White;5;A21400612-HU11;136.20;;Mobiles
LG G2 Mini Dual SIM D618 Black;30;B31000499-HU03;115.70;8806084960047;Mobiles
LG G2 Mini Dual SIM D618 Black;5;A21400596-HU11;121.30;;Mobiles
LG G2 Mini Dual SIM D618 White;20;B31000500-HU03;115.70;8806084960054;Mobiles
LG G2 Mini Dual SIM D618 White;5;B31000500-HU01;115.80;8806084960054;Mobiles
LG G2 Mini Dual SIM D618 White;5;A21400595-HU11;139.30;;Mobiles
LG G2 Mini LTE D620R Black;20;A21400567-HU11;145.50;;Mobiles
LG G3 16GB D855 Black;5;A21400586-HU11;291.20;;Mobiles
LG G3 16GB D855 White;20;A21400644-HU11;291.20;;Mobiles
LG G3 32GB D855 Purple;5;B31000515-HU03;292.00;8806084964656;Mobiles
LG G3 32GB D855 White;20;1018-100372-HU03;287.20;8806084981790;Mobiles
LG G3 Dual SIM 32GB D858 Black;5;A21400632-HU11;340.80;;Mobiles
LG G3 Dual SIM 32GB D858 White;5;A21400634-HU11;340.80;;Mobiles
LG G3 S D722 Black;5;A21400628-HU11;195.10;;Mobiles
LG G3 S D722 Gold;20;A21400617-HU11;195.10;;Mobiles
LG G3 S Dual SIM D724 Black;5;A21400705-HU11;173.40;;Mobiles
LG G3 S Dual SIM D724 Gold;20;1018-101581-HU03;147.20;8806084968012;Mobiles
LG G3 S Dual SIM D724 Gold;5;A21400706-HU11;173.40;;Mobiles
LG G3 S Dual SIM D724 White;20;1018-101906-HU03;147.20;8806084968029;Mobiles
LG G3 S Dual SIM D724 White;5;A21400722-HU11;173.40;;Mobiles
LG G3 Stylus Black;5;A21400681-HU11;164.10;;Mobiles
LG G4 Dual SIM Leather H818 Beige;5;A21400712-HU11;502.00;;Mobiles
LG G4 Dual SIM Leather H818 Beige;5;1018-101928-HU03;514.20;8806084984821;Mobiles
LG G4 Dual SIM Leather H818 Black;20;A21400730-HU11;502.00;;Mobiles
LG G4 Dual SIM Leather H818 Red;5;A21400731-HU11;502.00;;Mobiles
LG G4 H815 Gold;5;1018-101778-HU03;423.70;8806084983992;Mobiles
LG G4 H815 Gold;5;A21400718-HU11;458.60;;Mobiles
LG G4 H815 Gray;5;1018-101717-HU01;423.70;8806084984036;Mobiles
LG G4 H815 Gray;5;A21400711-HU11;458.60;;Mobiles
LG G4 H815 White;20;1018-101718-HU03;430.40;8806084984043;Mobiles
LG G4 H815 White;5;A21400729-HU11;458.60;;Mobiles
LG G4 Stylus H635 Silver;5;1018-101903-HU03;199.00;8806084987112;Mobiles
LG G4 Stylus H635 Silver;5;A21400732-HU11;226.10;;Mobiles
LG G4c H525N Silver;20;1018-101840-HU03;185.70;8806084987082;Mobiles
LG G4c H525N Silver;5;A21400728-HU11;216.80;;Mobiles
LG Joy 3G H220 Blue;5;1018-101442-HU03;70.30;8806084981738;Mobiles
LG Joy 3G H220 Blue;5;A21400710-HU11;90.60;;Mobiles
LG L Fino D290N Black;50;1018-100342-HU03;79.20;8806084967428;Mobiles
LG L Fino Dual SIM D295 Black;5;1018-101799-HU03;87.30;;Mobiles
LG L Fino Dual SIM D295 Black;;1018-101180-HU03;87.30;8806084975263;Mobiles
LG L Fino Dual SIM D295 Black;5;A21400721-HU11;117.60;;Mobiles
LG L20 Dual SIM D105 Black Red;5;A21400725-HU11;59.30;;Mobiles
LG L20 Dual SIM D105 White Blue;5;A21400726-HU11;59.30;;Mobiles
LG L30 D120 Black;5;A21400701-HU11;65.60;;Mobiles
LG L30 Dual SIM D125 Black;5;1018-100725-HU03;41.60;8808992098133;Mobiles
LG L30 Dual SIM D125 Black;5;A21400674-HU11;62.40;;Mobiles
LG L30 Dual SIM D125 White;20;1018-100726-HU03;37.60;8808992098133;Mobiles
LG L30 Dual SIM D125 White;5;1018-100726-HU01;41.60;8808992098133;Mobiles
LG L30 Dual SIM D125 White;5;A21400673-HU11;62.40;;Mobiles
LG L40 Dual SIM D170 White;5;A21400675-HU11;62.40;;Mobiles
LG L50 Dual SIM D221 Black;5;A21400670-HU11;84.40;;Mobiles
LG L50 Dual SIM D221 White;5;A21400669-HU11;84.40;;Mobiles
LG L60 Dual SIM Black;20;A21400677-HU11;96.90;;Mobiles
LG L60 Dual SIM White;5;A21400672-HU11;96.90;;Mobiles
LG L70 D320 Black;;B31000462-HU03;76.10;8808992096337;Mobiles
LG L70 DuaL SIM D325 Black;5;A21400579-HU11;111.40;;Mobiles
LG L70 DuaL SIM D325 White;5;B31000466-HU03;86.10;8806084960641;Mobiles
LG L70 DuaL SIM D325 White;5;A21400587-HU11;111.40;;Mobiles
LG L80 Dual SIM D380 Black;5;A21400678-HU11;136.20;;Mobiles
LG L80 Dual SIM D380 White;5;A21400679-HU11;136.20;;Mobiles
LG L90 D405 Black;5;A21400570-HU11;106.40;;Mobiles
LG L90 Dual SIM D410 White;30;1018-100557-HU03;97.40;8806084960665;Mobiles
LG Leon 3G H320 Black;5;A21400709-HU11;120.70;;Mobiles
LG Nexus 5 16GB D821 Black;20;A21400521-HU11;297.40;;Mobiles
LG Nexus 5 16GB D821 Black;5;B31000410-HU01;314.80;8808992092391;Mobiles
LG Nexus 5 16GB D821 Red;20;B31000439-HU01;258.80;8808992095767;Mobiles
LG Nexus 5 16GB D821 Red;30;B31000439-HU03;258.80;8808992095767;Mobiles
LG Nexus 5 16GB D821 Red;20;A21400556-HU11;297.40;;Mobiles
LG Nexus 5 16GB D821 White;5;A21400522-HU11;297.40;;Mobiles
LG Optimus L1 II Dual E420 White;5;A21400539-HU11;81.20;;Mobiles
LG Optimus L1 II E410i Black;5;A21400508-HU11;78.10;;Mobiles
LG Optimus L3 Dual Sim E405 White;5;A21400463-HU11;84.40;;Mobiles
LG Optimus L3 Dual Sim E405 White;5;A21400458-HU11;93.80;;Mobiles
LG Optimus L3 II Dual E435 Black;5;A21400532-HU11;87.50;;Mobiles
LG Optimus L3 II Dual E435 White;5;A21400531-HU11;87.50;;Mobiles
LG Optimus L4 II Dual E445 White;5;A21400547-HU11;93.80;;Mobiles
LG Optimus L5 II Dual E455 Black;5;A21400468-HU11;108.30;;Mobiles
LG Optimus L5 II Dual E455 White;5;A21400467-HU11;108.30;;Mobiles
LG Optimus L5 II Dual E455 White;5;A21400655-HU11;108.30;;Mobiles
LG Optimus L5 II E460 Black;5;A21400535-HU11;96.90;;Mobiles
LG Optimus L5 II E460 White;5;A21400550-HU11;96.90;;Mobiles
LG Optimus L7 II Dual P715 Black;5;A21400464-HU11;96.90;;Mobiles
LG Optimus L7 II Dual P715 White;5;A21400460-HU11;96.90;;Mobiles
LG Spirit LTE H440Y Gold;5;A21400694-HU11;142.40;;Mobiles
LG Watch Urbane W150 Silver;5;A21400704-HU11;297.40;;Mobiles
Lenovo K900 Black;5;A21500014-HU11;235.40;;Mobiles
Lenovo S650 Silver;5;A21500011-HU11;126.90;;Mobiles
Microsoft Lumia 430 Dual SIM Black;20;1035-101408-HU03;53.80;6438158722705;Mobiles
Microsoft Lumia 430 Dual SIM Black;5;A21701704-HU11;71.80;;Mobiles
Microsoft Lumia 430 Dual SIM Orange;20;1035-101409-HU03;53.80;6438158722675;Mobiles
Microsoft Lumia 430 Dual SIM Orange;5;A21701703-HU11;71.80;;Mobiles
Microsoft Lumia 435 Dual SIM Black;5;A21701698-HU11;75.00;;Mobiles
Microsoft Lumia 435 Dual SIM White;5;1035-101316-HU03;48.50;6438158717312;Mobiles
Microsoft Lumia 435 Dual SIM White;5;A21701697-HU11;75.00;;Mobiles
Microsoft Lumia 532 Dual SIM Black;;1035-101064-HU03;65.00;6438158717763;Mobiles
Microsoft Lumia 532 Dual SIM White;5;A21701693-HU11;81.20;;Mobiles
Microsoft Lumia 535 Dual SIM Orange;5;A21701669-HU11;96.90;;Mobiles
Microsoft Lumia 535 Dual SIM White;5;A21701672-HU11;96.90;;Mobiles
Microsoft Lumia 640 LTE Dual SIM  White;5;A21701705-HU11;170.30;;Mobiles
Microsoft Lumia 640 XL LTE Dual SIM Black;5;A21701713-HU11;185.80;;Mobiles
Motorola Moto G 4G XT1039 White;5;A21600233-HU11;157.90;;Mobiles
Motorola Moto X 16GB XT1052 Black;5;A21600246-HU11;297.40;;Mobiles
Nokia 107 Dual SIM Red;5;A21701506-HU11;34.20;;Mobiles
Nokia 107 Dual SIM Red;5;A21701518-HU11;37.40;;Mobiles
Nokia 108 Dual SIM Black;20;A21701528-HU11;40.50;;Mobiles
Nokia 108 Dual SIM White;5;A21701647-HU11;37.40;;Mobiles
Nokia 108 Dual SIM White;20;A21701529-HU11;40.50;;Mobiles
Nokia 109 Black;5;A21701688-HU11;34.20;;Mobiles
Nokia 111 Cyan;5;A21701406-HU11;46.80;;Mobiles
Nokia 111 Lime Green;5;A21701252-HU11;46.80;;Mobiles
Nokia 130 Dual SIM Black;20;A21701643-HU11;31.10;;Mobiles
Nokia 130 Dual SIM White;20;A21701676-HU11;31.10;;Mobiles
Nokia 208 Dual Sim Black;5;A21701540-HU11;59.30;;Mobiles
Nokia 215 Dual SIM Black;20;1013-100958-HU01;27.40;6438158708778;Mobiles
Nokia 215 Dual SIM White;5;1013-101899-HU03;27.40;6438158708785;Mobiles
Nokia 215 Dual SIM White;20;1013-101899-HU01;27.40;6438158708785;Mobiles
Nokia 220 Dual SIM Black;5;A21701583-HU11;56.20;;Mobiles
Nokia 220 Dual SIM Red;5;A21701582-HU11;56.20;;Mobiles
Nokia 220 Dual SIM Yellow;20;A21701581-HU11;56.20;;Mobiles
Nokia 225 Dual SIM Green;5;B31301351-HU03;38.60;6438158668386;Mobiles
Nokia 225 Dual SIM Yellow;5;B31301336-HU03;38.60;6438158667136;Mobiles
Nokia 225 Dual SIM Yellow;5;A21701684-HU11;56.20;;Mobiles
Nokia Asha 230 Dual SIM Black;5;A21701593-HU11;56.20;;Mobiles
Nokia Asha 230 Dual SIM Red;5;A21701552-HU11;53.00;;Mobiles
Nokia Asha 230 Dual SIM White;5;A21701553-HU11;53.00;;Mobiles
Nokia Asha 500 Dual SIM Black;5;A21701523-HU11;59.30;;Mobiles
Nokia Asha 500 Dual SIM Red;5;A21701632-HU11;59.30;;Mobiles
Nokia Asha 500 Dual SIM White;5;A21701630-HU11;59.30;;Mobiles
Nokia Asha 500 Dual SIM Yellow;5;A21701631-HU11;59.30;;Mobiles
Nokia Asha 501 Dual SIM Black;5;A21701495-HU11;62.40;;Mobiles
Nokia Asha 501 Dual SIM Cyan;5;A21701443-HU11;59.30;;Mobiles
Nokia Asha 501 Dual SIM Green;5;A21701508-HU11;59.30;;Mobiles
Nokia Asha 501 Dual SIM White;5;A21701615-HU11;62.40;;Mobiles
Nokia Lumia 1320 Black;5;A21701514-HU11;182.70;;Mobiles
Nokia Lumia 1320 Black;5;A21701711-HU11;185.80;;Mobiles
Nokia Lumia 1320 Orange;5;B31301282-HU03;136.60;6438158639577;Mobiles
Nokia Lumia 1320 Orange;5;A21701531-HU11;182.70;;Mobiles
Nokia Lumia 1320 White;5;B31301257-HU03;136.60;6438158639560;Mobiles
Nokia Lumia 1320 White;20;A21701513-HU11;182.70;;Mobiles
Nokia Lumia 1320 White;5;A21701710-HU11;185.80;;Mobiles
Nokia Lumia 1320 Yellow;5;B31301263-HU03;136.60;6438158639591;Mobiles
Nokia Lumia 1320 Yellow;5;A21701515-HU11;182.70;;Mobiles
Nokia Lumia 510 Black;20;A21701309-HU11;105.20;;Mobiles
Nokia Lumia 510 White;5;A21701324-HU11;102.10;;Mobiles
Nokia Lumia 510 Yellow;5;A21701516-HU11;102.10;;Mobiles
Nokia Lumia 520 Black;5;A21701368-HU11;123.80;;Mobiles
Nokia Lumia 530 Dual SIM White;5;A21701656-HU11;84.40;;Mobiles
Nokia Lumia 635 Black;5;A21701736-HU11;96.90;;Mobiles
Nokia Lumia 636 Yellow;5;A21701607-HU11;123.80;;Mobiles
Nokia Lumia 720 Red;5;A21701396-HU11;176.50;;Mobiles
Nokia Lumia 720 Yellow;5;A21701388-HU11;176.50;;Mobiles
Nokia Lumia 830 Black;20;B31301450-HU03;174.60;6438158738881;Mobiles
Nokia Lumia 830 Black;5;A21701640-HU11;198.20;;Mobiles
Nokia Lumia 830 White;5;B31301451-HU01;174.60;6438158738874;Mobiles
Nokia Lumia 830 White;20;B31301451-HU03;174.60;6438158738874;Mobiles
Nokia Lumia 830 White;5;A21701641-HU11;198.20;;Mobiles
Nokia N1  Black;20;A21701716-HU11;247.80;;Mobiles
Nokia N1  Silver;20;A21701734-HU11;247.80;;Mobiles
Nokia X Dual SIM Black;20;A21701565-HU11;71.80;;Mobiles
Nokia X Dual SIM Cyan;5;A21701566-HU11;62.40;;Mobiles
Nokia X Dual SIM Cyan;20;A21701564-HU11;71.80;;Mobiles
Nokia X Dual SIM Green;5;A21701549-HU11;62.40;;Mobiles
Nokia X Dual SIM Red;5;A21701560-HU11;62.40;;Mobiles
Nokia X Dual SIM White;20;A21701550-HU11;62.40;;Mobiles
Nokia X Dual SIM White;20;A21701563-HU11;71.80;;Mobiles
Nokia X Dual SIM Yellow;5;A21701557-HU11;62.40;;Mobiles
OnePlus One Bamboo;5;A20600006-HU11;350.10;;Mobiles
OnePlus One Black;5;1021-100468-HU01;296.00;;Mobiles
OnePlus One Black;5;A20600004-HU11;350.10;;Mobiles
OnePlus One White;5;A20600005-HU11;309.80;;Mobiles
OnePlus One White;5;A20600007-HU11;350.10;;Mobiles
OnePlus One + JBL Headphone Black;5;A20600009-HU11;340.80;;Mobiles
Samsung Galaxy A3 Duos Black;5;A22101936-HU11;217.60;;Mobiles
Samsung Galaxy A3 Duos Gold;20;1009-100986-HU03;205.00;8806086606257;Mobiles
Samsung Galaxy A3 Duos Silver;5;1009-100989-HU03;203.00;8806086606103;Mobiles
Samsung Galaxy A3 Duos Silver;5;A22101935-HU11;226.10;;Mobiles
Samsung Galaxy A3 Duos White;20;1009-100981-HU03;205.00;8806086606059;Mobiles
Samsung Galaxy A3 Duos White;5;A22101934-HU11;215.70;;Mobiles
Samsung Galaxy A3 Duos 3G Black;5;1009-100851-HU03;191.10;8806086532563;Mobiles
Samsung Galaxy A3 Duos 3G Black;5;1009-101853-HU03;195.40;8806086494793;Mobiles
Samsung Galaxy A3 Duos 3G Gold;5;A22102031-HU11;209.00;;Mobiles
Samsung Galaxy A3 Duos 3G Silver;5;1009-101131-HU03;195.00;8806086502832;Mobiles
Samsung Galaxy A3 Duos 3G Silver;5;A22101918-HU11;210.60;;Mobiles
Samsung Galaxy A3 Duos 3G White;5;1009-100755-HU03;191.10;8806086472074;Mobiles
Samsung Galaxy A3 Duos 3G White;5;A22101917-HU11;210.60;;Mobiles
Samsung Galaxy A3 LTE SM-A300FU Black;5;1009-100940-HU01;216.10;8806086510028;Mobiles
Samsung Galaxy A3 LTE SM-A300FU Silver;;1009-101741-HU03;186.80;8806086532785;Mobiles
Samsung Galaxy A3 LTE SM-A300FU Silver;5;1009-100959-HU03;195.70;8806086509893;Mobiles
Samsung Galaxy A3 LTE SM-A300FU Silver;5;A22102051-HU11;204.40;;Mobiles
Samsung Galaxy A5 3G SM-A500H White;5;1009-101861-HU03;240.40;8806086564991;Mobiles
Samsung Galaxy A5 Duos 3G Black;20;1009-100813-HU03;238.50;8806086525961;Mobiles
Samsung Galaxy A5 Duos 3G Gold;5;1009-101134-HU03;238.60;8806086537056;Mobiles
Samsung Galaxy A5 Duos 3G Pink;5;A22101938-HU11;266.40;;Mobiles
Samsung Galaxy A5 Duos 3G Silver;20;1009-101531-HU03;238.50;8806086530514;Mobiles
Samsung Galaxy A5 Duos 3G White;5;1009-101357-HU03;238.50;8806086472777;Mobiles
Samsung Galaxy A5 Duos SM-A500F/DS Black;20;1009-100984-HU03;263.90;8806086531825;Mobiles
Samsung Galaxy A5 Duos SM-A500F/DS Gold;20;1009-101172-HU03;263.90;8806086542388;Mobiles
Samsung Galaxy A5 Duos SM-A500F/DS Silver;5;1009-101173-HU03;261.40;8806086531832;Mobiles
Samsung Galaxy A5 Duos SM-A500F/DS Silver;20;A22101937-HU11;278.80;;Mobiles
Samsung Galaxy A5 Duos SM-A500F/DS White;20;1009-100985-HU03;263.90;8806086472647;Mobiles
Samsung Galaxy A5 Duos SM-A500F/DS White;20;A22101927-HU11;278.80;;Mobiles
Samsung Galaxy A5 LTE SM-A500FU Black;20;1009-101528-HU03;248.70;8806086578837;Mobiles
Samsung Galaxy A5 LTE SM-A500FU Black;;1009-100932-HU03;249.70;8806086583152;Mobiles
Samsung Galaxy A5 LTE SM-A500FU Black;5;1009-100991-HU03;250.70;8806086578837;Mobiles
Samsung Galaxy A5 LTE SM-A500FU Black;50;1009-100861-HU03;250.70;8806086703178;Mobiles
Samsung Galaxy A5 LTE SM-A500FU Black;20;A22101910-HU11;272.60;;Mobiles
Samsung Galaxy A5 LTE SM-A500FU White;20;1009-100960-HU03;249.70;8806086589499;Mobiles
Samsung Galaxy A7 Duos LTE SM-A700FD Black;20;1009-101197-HU03;317.70;8806086632416;Mobiles
Samsung Galaxy A7 Duos LTE SM-A700FD Black;5;A22101923-HU11;328.40;;Mobiles
Samsung Galaxy A7 Duos LTE SM-A700FD Black;5;A22101939-HU11;340.80;;Mobiles
Samsung Galaxy A7 Duos LTE SM-A700FD Gold;20;1009-101183-HU03;317.70;8806086632294;Mobiles
Samsung Galaxy A7 Duos LTE SM-A700FD Gold;5;A22101947-HU11;340.80;;Mobiles
Samsung Galaxy A7 Duos LTE SM-A700FD White;20;1009-101472-HU03;311.60;8806086550086;Mobiles
Samsung Galaxy A7 Duos LTE SM-A700FD White;30;1009-101184-HU03;317.70;8806086632454;Mobiles
Samsung Galaxy A7 Duos LTE SM-A700FD White;5;A22102002-HU11;328.40;;Mobiles
Samsung Galaxy A7 Duos LTE SM-A700FD White;5;A22101925-HU11;340.80;;Mobiles
Samsung Galaxy A7 LTE SM-A700F Black;5;A22102001-HU11;331.50;;Mobiles
Samsung Galaxy A7 LTE SM-A700F Black;5;A22102049-HU11;334.60;;Mobiles
Samsung Galaxy A7 LTE SM-A700F White;20;1009-101439-HU03;305.50;8806086886888;Mobiles
Samsung Galaxy A7 LTE SM-A700F White;5;A22101999-HU11;331.50;;Mobiles
Samsung Galaxy Ace 2 I8160 Black;5;A22101150-HU11;111.40;;Mobiles
Samsung Galaxy Ace 3 Duos S7272 White;5;1009-101634-HU03;95.00;8806085786028;Mobiles
Samsung Galaxy Ace Duos S6802  Black;5;A22100981-HU11;93.80;;Mobiles
Samsung Galaxy Ace Style SM-G310 Black;5;A22101670-HU11;90.60;;Mobiles
Samsung Galaxy Alpha SM-G850F Silver;30;A22101854-HU11;303.60;;Mobiles
Samsung Galaxy Alpha SM-G850F White;30;A22101805-HU11;303.60;;Mobiles
Samsung Galaxy Core 2 Duos SM-G355H Black;5;A22101754-HU11;108.30;;Mobiles
Samsung Galaxy Core 2 Duos SM-G355H Black;5;A22101886-HU11;108.30;;Mobiles
Samsung Galaxy Core 2 Duos SM-G355H Black;5;A22101901-HU11;111.40;;Mobiles
Samsung Galaxy Core 2 Duos SM-G355H Black;5;A22101887-HU11;114.50;;Mobiles
Samsung Galaxy Core 2 Duos SM-G355H White;5;A22101928-HU11;108.30;;Mobiles
Samsung Galaxy Core 2 Duos SM-G355H White;5;A22101900-HU11;111.40;;Mobiles
Samsung Galaxy Core 2 Duos SM-G355H White;5;A22101888-HU11;114.50;;Mobiles
Samsung Galaxy Core LTE SM-G386F Black;5;A22101787-HU11;154.80;;Mobiles
Samsung Galaxy Core LTE SM-G386F White;5;A22101788-HU11;154.80;;Mobiles
Samsung Galaxy Core Prime Duos SM-G360 Black;5;A22101897-HU11;139.30;;Mobiles
Samsung Galaxy Core Prime Duos SM-G360 Silver;20;A22101905-HU11;139.30;;Mobiles
Samsung Galaxy Core Prime SM-G360F Black;5;1009-101763-HU01;107.60;8806086574617;Mobiles
Samsung Galaxy Core Prime SM-G360F Silver;;1009-101258-HU03;107.60;8806086574648;Mobiles
Samsung Galaxy Core Prime SM-G360F White;30;1009-101516-HU01;107.60;8806086574716;Mobiles
Samsung Galaxy Core Prime SM-G360F White;50;1009-101516-HU03;107.60;8806086574716;Mobiles
Samsung Galaxy E7 Duos SM-E7000 Blue;5;1009-101282-HU03;236.60;8806086610117;Mobiles
Samsung Galaxy E7 Duos SM-E7000 Blue;5;A22101952-HU11;266.40;;Mobiles
Samsung Galaxy E7 Duos SM-E7000 White;5;A22101948-HU11;266.40;;Mobiles
Samsung Galaxy E7 LTE SM-E700F Black;5;A22102029-HU11;254.00;;Mobiles
Samsung Galaxy E7 LTE SM-E700F White;5;1009-101964-HU03;219.80;8806086610353;Mobiles
Samsung Galaxy E7 LTE SM-E700F White;5;A22102028-HU11;254.00;;Mobiles
Samsung Galaxy Gio S5660 Dark Silver;20;B31600471-HU01;59.90;8806071384870;Mobiles
Samsung Galaxy Gio S5660 Dark Silver;5;A22100580-HU11;78.10;;Mobiles
Samsung Galaxy Grand 2 3G G7100 Black;5;A22101651-HU11;170.30;;Mobiles
Samsung Galaxy Grand 2 Duos G7102 Black;30;B31601535-HU03;165.40;8806086094856;Mobiles
Samsung Galaxy Grand 2 Duos G7102 Black;5;A22101737-HU11;173.40;;Mobiles
Samsung Galaxy Grand 2 Duos G7102 Black;20;A22101488-HU11;173.40;;Mobiles
Samsung Galaxy Grand 2 Duos G7102 Blue;5;B31601844-HU03;165.40;8806086370301;Mobiles
Samsung Galaxy Grand 2 Duos G7102 Gold;30;B31601831-HU03;165.40;8806086370592;Mobiles
Samsung Galaxy Grand 2 Duos G7102 Gold;20;A22101799-HU11;173.40;;Mobiles
Samsung Galaxy Grand 2 Duos G7102 White;5;A22101489-HU11;173.40;;Mobiles
Samsung Galaxy Grand Max SM-G720AX Gray;5;A22102058-HU11;179.60;;Mobiles
Samsung Galaxy Grand Neo Plus Duos I9060I/DS Black;20;A22101942-HU11;133.10;;Mobiles
Samsung Galaxy Grand Neo Plus Duos I9060I/DS White;5;A22101941-HU11;133.10;;Mobiles
Samsung Galaxy Grand Prime Duos SM-G530H Gray;5;A22102046-HU11;179.60;;Mobiles
Samsung Galaxy J1 Duos SM-J100H/DS Black;5;A22101991-HU11;96.90;;Mobiles
Samsung Galaxy J1 Duos SM-J100H/DS Blue;5;A22102013-HU11;96.90;;Mobiles
Samsung Galaxy J1 Duos SM-J100H/DS White;5;A22101990-HU11;96.90;;Mobiles
Samsung Galaxy Mega 2 SM-G750F Black;5;A22101801-HU11;247.80;;Mobiles
Samsung Galaxy Mega 2 SM-G750F White;5;A22101800-HU11;247.80;;Mobiles
Samsung Galaxy Music Duos S6012 Yellow;5;A22101291-HU11;59.30;;Mobiles
Samsung Galaxy Note 3 4G Lite N7506V Black;5;1009-101536-HU01;219.30;6922309817018;Mobiles
Samsung Galaxy Note 3 LTE N9005 Black;5;A22101347-HU11;384.20;;Mobiles
Samsung Galaxy Note 4 3G SM-N910H Bronze;5;A22102034-HU11;483.40;;Mobiles
Samsung Galaxy Note 4 Duos SM-N9100 Pink;5;1009-100630-HU03;465.30;8806086577274;Mobiles
Samsung Galaxy Note 4 Duos SM-N9100 Pink;5;A22101892-HU11;573.30;;Mobiles
Samsung Galaxy Note 4 Duos SM-N9100 White;5;A22101865-HU11;554.10;;Mobiles
Samsung Galaxy Note 4 SM-N910U Black;5;A22101859-HU11;483.40;;Mobiles
Samsung Galaxy Note 4 SM-N910U White;5;A22101858-HU11;508.20;;Mobiles
Samsung Galaxy Note Edge SM-N915FY White;5;A22101878-HU11;585.70;;Mobiles
Samsung Galaxy Note Edge SM-N915FY  Black;5;A22101877-HU11;585.70;;Mobiles
Samsung Galaxy Note Edge SM-N915G Black;20;A22101874-HU11;588.80;;Mobiles
Samsung Galaxy Note Edge SM-N915G White;5;A22101873-HU11;588.80;;Mobiles
Samsung Galaxy Note N7000 White;5;A22100799-HU11;285.00;;Mobiles
Samsung Galaxy Pocket 2 SM-G110H Black;5;A22101884-HU11;71.80;;Mobiles
Samsung Galaxy Pocket 2 SM-G110H White;5;A22101883-HU11;71.80;;Mobiles
Samsung Galaxy Pocket Plus S5301 Orange;5;A22101494-HU11;65.60;;Mobiles
Samsung Galaxy S II Plus I9105P Blue;5;A22101086-HU11;167.20;;Mobiles
Samsung Galaxy S II Plus I9105P White;5;A22101112-HU11;167.20;;Mobiles
Samsung Galaxy S3 Neo I9300I Blue;5;1009-101711-HU03;169.30;8806086213295;Mobiles
Samsung Galaxy S3 Neo I9300I Blue;20;A22101564-HU11;192.00;;Mobiles
Samsung Galaxy S3 Neo I9300I White;20;1009-101705-HU03;169.50;8806086213301;Mobiles
Samsung Galaxy S3 Neo I9300I White;20;A22101569-HU11;192.00;;Mobiles
Samsung Galaxy S3 Neo I9301I Black;;B31601998-HU03;154.30;8806086553841;Mobiles
Samsung Galaxy S3 Neo I9301I Black;20;A22101735-HU11;170.30;;Mobiles
Samsung Galaxy S3 Neo I9301I Blue;;1009-100791-HU03;153.30;8806086554374;Mobiles
Samsung Galaxy S3 Neo I9301I Blue;5;A22101830-HU11;170.30;;Mobiles
Samsung Galaxy S3 Neo I9301I White;;1009-100792-HU03;153.30;8806086553759;Mobiles
Samsung Galaxy S3 Neo I9301I White;;B31601958-HU03;154.30;8806086553711;Mobiles
Samsung Galaxy S3 Neo I9301I White;20;A22101668-HU11;170.30;;Mobiles
Samsung Galaxy S4 Mini Duos I9192 Black;20;A22101261-HU11;192.00;;Mobiles
Samsung Galaxy S4 Mini Duos I9192 White;50;B31601214-HU03;170.50;8806085775688;Mobiles
Samsung Galaxy S4 Mini Duos I9192 White;20;A22101247-HU11;192.00;;Mobiles
Samsung Galaxy S4 Mini LTE I9195 White;5;A22101567-HU11;176.50;;Mobiles
Samsung Galaxy S4 Mini LTE I9195 White;20;A22102022-HU11;179.60;;Mobiles
Samsung Galaxy S4 Value Edition I9515 Silver;5;B31602009-HU03;253.80;8806086340397;Mobiles
Samsung Galaxy S4 Value Edition I9515 Silver;5;A22101822-HU11;272.60;;Mobiles
Samsung Galaxy S4 Value Edition I9515 White;;1009-100736-HU03;253.80;8806086203937;Mobiles
Samsung Galaxy S4 Value Edition I9515 White;30;B31601650-HU03;265.50;8806086340359;Mobiles
Samsung Galaxy S4 Value Edition I9515 White;5;A22101885-HU11;269.50;;Mobiles
Samsung Galaxy S4 Value Edition I9515 White;20;A22101581-HU11;272.60;;Mobiles
Samsung Galaxy S4 Zoom LTE SM-C1050 Black;5;A22101431-HU11;204.40;;Mobiles
Samsung Galaxy S4 Zoom LTE SM-C1050 White;5;A22101430-HU11;204.40;;Mobiles
Samsung Galaxy S4 Zoom SM-C1010 Black;5;A22101277-HU11;216.80;;Mobiles
Samsung Galaxy S4 Zoom SM-C1010 Black;5;A22101325-HU11;223.00;;Mobiles
Samsung Galaxy S5 Duos G900FD Black;20;A22101698-HU11;359.40;;Mobiles
Samsung Galaxy S5 Duos G900FD Blue;5;B31601859-HU01;356.30;8806086456579;Mobiles
Samsung Galaxy S5 Duos G900FD Blue;20;B31601859-HU03;356.30;8806086456579;Mobiles
Samsung Galaxy S5 Duos G900FD Blue;20;A22101700-HU11;359.40;;Mobiles
Samsung Galaxy S5 Duos G900FD Gold;20;B31601860-HU03;356.30;8806086380300;Mobiles
Samsung Galaxy S5 Duos G900FD Gold;20;A22101701-HU11;359.40;;Mobiles
Samsung Galaxy S5 Duos G900FD White;30;B31601861-HU03;356.30;8806086380263;Mobiles
Samsung Galaxy S5 Duos G900FD White;20;A22101699-HU11;359.40;;Mobiles
Samsung Galaxy S5 G900F Black;30;1009-101768-HU03;343.10;8806086155090;Mobiles
Samsung Galaxy S5 G900F Black;5;A22101547-HU11;356.30;;Mobiles
Samsung Galaxy S5 G900F White;;B31601601-HU03;354.80;8806086132909;Mobiles
Samsung Galaxy S5 G900F White;5;A22101551-HU11;356.30;;Mobiles
Samsung Galaxy S5 Mini Duos G800H/DS Black;30;A22101753-HU11;247.80;;Mobiles
Samsung Galaxy S5 Mini Duos G800H/DS Gold;20;A22101748-HU11;247.80;;Mobiles
Samsung Galaxy S5 Mini Duos G800H/DS White;5;1009-101269-HU03;228.70;8806086299602;Mobiles
Samsung Galaxy S5 Mini Duos G800H/DS White;5;A22101749-HU11;247.80;;Mobiles
Samsung Galaxy S5 Mini Duos G800H/DS White;20;A22102060-HU11;268.20;;Mobiles
Samsung Galaxy S5 Mini G800F Black;30;A22101734-HU11;250.90;;Mobiles
Samsung Galaxy S5 Mini G800F Gold;5;B31601921-HU03;235.40;8806086351713;Mobiles
Samsung Galaxy S5 Mini G800F Gold;5;A22101849-HU11;244.70;;Mobiles
Samsung Galaxy S5 Mini G800F White;5;1009-100213-HU01;228.40;8806086358736;Mobiles
Samsung Galaxy S5 Mini G800F White;;1009-100732-HU03;228.40;8806086351836;Mobiles
Samsung Galaxy S5 Mini G800F White;5;A22101880-HU11;244.70;;Mobiles
Samsung Galaxy S5 Mini G800F White;30;A22101697-HU11;250.90;;Mobiles
Samsung Galaxy S6 128GB SM-G920FZ White;5;A22102021-HU11;619.80;;Mobiles
Samsung Galaxy S6 128GB SM-G920FZ White;5;1009-101823-HU03;628.70;8806086968966;Mobiles
Samsung Galaxy S6 Dual SIM SM-G920FD Blue;5;A22102057-HU11;495.80;;Mobiles
Samsung Galaxy S6 Duos SM-G9200 Black;20;A22101992-HU11;495.80;;Mobiles
Samsung Galaxy S6 Duos SM-G9200 Gold;5;A22101996-HU11;495.80;;Mobiles
Samsung Galaxy S6 Duos SM-G9200 White;5;A22101993-HU11;495.80;;Mobiles
Samsung Galaxy S6 Edge 128GB SM-G925FZ Black;5;A22102059-HU11;824.40;;Mobiles
Samsung Galaxy S6 Edge 64GB SM-G925F Black;5;A22101985-HU11;731.40;;Mobiles
Samsung Galaxy S6 Edge 64GB SM-G925F White;20;1009-101694-HU03;689.20;8806086665162;Mobiles
Samsung Galaxy S6 Edge 64GB SM-G925F White;30;1009-101912-HU03;689.20;8806086665162;Mobiles
Samsung Galaxy S6 Edge 64GB SM-G925F White;20;A22102005-HU11;731.40;;Mobiles
Samsung Galaxy S6 Edge SM-G925F Black;20;1009-101496-HU03;652.40;8806086727730;Mobiles
Samsung Galaxy S6 Edge SM-G925F Black;20;A22101967-HU11;694.20;;Mobiles
Samsung Galaxy S6 Edge SM-G925F Black;5;A22101988-HU11;703.50;;Mobiles
Samsung Galaxy S6 Edge SM-G925F White;5;A22101964-HU11;694.20;;Mobiles
Samsung Galaxy S6 SM-G920F Black;5;1009-101308-HU01;454.40;;Mobiles
Samsung Galaxy S6 SM-G920F Black;20;A22101949-HU11;495.80;;Mobiles
Samsung Galaxy S6 SM-G920F Black;5;A22101965-HU11;502.00;;Mobiles
Samsung Galaxy S6 SM-G920F Black;5;A2219999BB-HU11;505.10;;Mobiles
Samsung Galaxy S6 SM-G920F Black;20;A22101957-HU11;520.60;;Mobiles
Samsung Galaxy S6 SM-G920F White;20;A22101968-HU11;495.80;;Mobiles
Samsung Galaxy S6 SM-G920F White;5;A22101981-HU11;502.00;;Mobiles
Samsung Galaxy S6 SM-G920F White;5;A2219999BA-HU11;505.10;;Mobiles
Samsung Galaxy Star 2 Duos SM-G130E Black;5;A22101766-HU11;75.00;;Mobiles
Samsung Galaxy Star 2 Duos SM-G130E Black;5;A22101751-HU11;81.20;;Mobiles
Samsung Galaxy Star Duos S5282 White;5;B31601446-HU01;46.50;8806085629868;Mobiles
Samsung Galaxy Star Duos S5282 White;5;A22101401-HU11;56.20;;Mobiles
Samsung Galaxy Star Pro Duos S7262 Black;20;A22102039-HU11;84.40;;Mobiles
Samsung Galaxy Star Pro Duos S7262 White;20;A22102040-HU11;84.40;;Mobiles
Samsung Galaxy Tab 10.1 16GB P7510 White;5;1009-101169-HU03;336.60;;Mobiles
Samsung Galaxy Tab 3 10.1 LTE 16GB P5220 Black;20;A22101593-HU11;235.40;;Mobiles
Samsung Galaxy Tab 3 10.1 LTE 16GB P5220 White;5;A22101351-HU11;235.40;;Mobiles
Samsung Galaxy Tab 3 10.1 WiFi 16GB P5210 Brown;20;A22101539-HU11;201.30;;Mobiles
Samsung Galaxy Tab 3 7.0 LTE 8GB P3220 White;5;A22101589-HU11;123.80;;Mobiles
Samsung Galaxy Tab 4 10.1 LTE SM-T535 Black;20;B31601820-HU03;215.20;8806086212496;Mobiles
Samsung Galaxy Tab 4 10.1 LTE SM-T535 Black;20;A22101692-HU11;230.50;;Mobiles
Samsung Galaxy Tab 4 10.1 LTE SM-T535 White;50;B31601833-HU03;215.20;8806086212472;Mobiles
Samsung Galaxy Tab 4 10.1 LTE SM-T535 White;20;A22101975-HU11;230.60;;Mobiles
Samsung Galaxy Tab 7.0 Plus 16GB P6200 Metallic Gray;5;A22100845-HU11;207.50;;Mobiles
Samsung Galaxy Tab 8.9 LTE 16GB P7320 Black;5;A22101650-HU11;201.30;;Mobiles
Samsung Galaxy Tab A 8.0 WiFi SM-T350 White;5;A22101995-HU11;254.00;;Mobiles
Samsung Galaxy Tab A 9.7 LTE SM-T555 White;20;2005-101801-HU03;234.50;8806086756068;Mobiles
Samsung Galaxy Tab A 9.7 WiFi SM-T550 Black;20;2005-101766-HU03;201.00;8806086779852;Mobiles
Samsung Galaxy Tab A 9.7 WiFi SM-T550 Black;5;A22102036-HU11;260.20;;Mobiles
Samsung Galaxy Tab A 9.7 WiFi SM-T550 White;5;A22102037-HU11;201.00;;Mobiles
Samsung Galaxy Tab A 9.7 WiFi SM-T550 White;20;2005-101765-HU03;201.00;8806086779838;Mobiles
Samsung Galaxy Tab S 10.5 LTE SM-T805 Bronze;5;A22101676-HU11;433.80;;Mobiles
Samsung Galaxy Tab S 10.5 WiFi SM-T800 White;50;B31601866-HU03;311.60;8806086287951;Mobiles
Samsung Galaxy Tab S 8.4 LTE SM-T705 White;5;A22101680-HU11;359.40;;Mobiles
Samsung Galaxy Trend 2 Duos SM-G313HU/DS Black;;1009-101189-HU03;75.10;8806086561921;Mobiles
Samsung Galaxy Trend 2 Duos SM-G313HU/DS Black;20;A22101820-HU11;90.60;;Mobiles
Samsung Galaxy Trend 2 Duos SM-G313HU/DS White;;1009-101190-HU03;75.10;8806086561914;Mobiles
Samsung Galaxy Trend 2 Duos SM-G313HU/DS White;5;A22101819-HU11;90.60;;Mobiles
Samsung Galaxy Trend 2 SM-G313HN Black;;1009-100677-HU03;73.60;8806086395342;Mobiles
Samsung Galaxy Trend 2 SM-G313HN White;;1009-100676-HU03;73.60;8806086395250;Mobiles
Samsung Galaxy Trend Lite S7390 White;5;A22101416-HU11;81.20;;Mobiles
Samsung Galaxy Trend Plus S7580 Black;20;1009-100381-HU03;76.10;8806085955615;Mobiles
Samsung Galaxy V Duos SM-G313HZ Gray;5;A22102052-HU11;90.60;;Mobiles
Samsung Galaxy V Duos SM-G313HZ White;5;A22101891-HU11;90.60;;Mobiles
Samsung Galaxy Xcover 3 SM-G388F Gray;;1009-101811-HU03;165.40;8806086884778;Mobiles
Samsung Galaxy Y Duos S6102 Black;5;A22100847-HU11;68.70;;Mobiles
Samsung Galaxy Y Duos S6102 White;5;A22100908-HU11;68.70;;Mobiles
Samsung Gear Fit SM-R350 Black;5;A22101562-HU11;108.30;;Mobiles
Samsung Metro E2200 Black;5;1009-101507-HU01;23.80;8806085606579;Mobiles
Samsung Metro E2200 White;5;A22101381-HU11;31.10;;Mobiles
Samsung Metro E2202 Black;5;1009-101722-HU01;20.80;8806085606579;Mobiles
Samsung Metro E2202 Black;5;A22101138-HU11;28.00;;Mobiles
Samsung Metro E2202 Red;5;A22101272-HU11;28.00;;Mobiles
Sonim XP1300 Core Black;5;A22200003-HU11;216.80;;Mobiles
Sonim XP1300 Core Black;5;B31700006-HU03;227.70;94922313904;Mobiles
Sonim XP1300 Core Black-Yellow;20;A22200002-HU11;216.80;;Mobiles
Sonim XP3300 Force Black;5;A22200015-HU11;278.80;;Mobiles
Sonim XP5300 Force 3G Black;5;A22200018-HU11;309.80;;Mobiles
Sony  Xperia Z3 Tablet Compact WiFi 16GB SGP611 White;5;A22800353-HU11;334.60;;Mobiles
Sony SmartBand SWR10 Black;5;A22800277-HU11;78.10;;Mobiles
Sony Smartwatch 3 SWR50 Black;5;A22800360-HU11;176.50;;Mobiles
Sony Smartwatch 3 SWR50 Black;20;A22800349-HU11;216.80;;Mobiles
Sony Smartwatch 3 SWR50 White;5;A22800376-HU11;176.50;;Mobiles
Sony Xperia C3 D2533 Black;20;A22800292-HU11;210.60;;Mobiles
Sony Xperia C3 D2533 Green;5;B32200353-HU03;180.20;7311271485124;Mobiles
Sony Xperia C3 D2533 White;5;A22800291-HU11;210.60;;Mobiles
Sony Xperia C4 Dual SIM E5363 White;5;A22800396-HU11;306.70;;Mobiles
Sony Xperia E3 D2203 Black;5;A22800358-HU11;130.00;;Mobiles
Sony Xperia E3 D2203 White;5;A22800323-HU11;106.40;;Mobiles
Sony Xperia E3 Dual SIM D2212 Black;20;1007-100084-HU03;127.90;7311271478508;Mobiles
Sony Xperia E3 Dual SIM D2212 Black;5;A22800319-HU11;142.40;;Mobiles
Sony Xperia E3 Dual SIM D2212 Lime;5;1007-100443-HU03;130.70;7311271484684;Mobiles
Sony Xperia E3 Dual SIM D2212 Lime;5;A22800352-HU11;142.40;;Mobiles
Sony Xperia E3 Dual SIM D2212 White;5;A22800318-HU11;142.40;;Mobiles
Sony Xperia E4 Dual SIM E2115 Black;20;1007-101548-HU01;109.10;7311271520207;Mobiles
Sony Xperia E4g Dual SIM E2033 Black;5;A22800374-HU11;145.50;;Mobiles
Sony Xperia E4g Dual SIM E2033 White;5;1007-101595-HU03;119.80;7311271529903;Mobiles
Sony Xperia E4g Dual SIM E2033 White;20;A22800375-HU11;145.50;;Mobiles
Sony Xperia M2 Aqua D2403 White;5;A22800311-HU11;176.50;;Mobiles
Sony Xperia M2 Dual SIM D2302 Black;20;A22800270-HU11;161.00;;Mobiles
Sony Xperia M2 Dual SIM D2302 White;20;A22800268-HU11;161.00;;Mobiles
Sony Xperia M2 LTE D2303 Purple;5;1007-101521-HU01;135.50;7311271460930;Mobiles
Sony Xperia M2 LTE D2303 Purple;5;A22800273-HU11;148.60;;Mobiles
Sony Xperia M2 LTE D2303 White;5;B32200315-HU03;124.80;7311271460923;Mobiles
Sony Xperia M2 LTE D2303 White;20;B32200313-HU01;124.80;7311271459330;Mobiles
Sony Xperia M2 LTE D2303 White;5;B32200315-HU01;135.50;7311271460923;Mobiles
Sony Xperia M2 LTE D2303 White;5;A22800280-HU11;148.60;;Mobiles
Sony Xperia M2 LTE D2303 White;5;A22800275-HU11;196.70;;Mobiles
Sony Xperia M4 Aqua Dual SIM E2363 Black;5;A22800390-HU11;254.00;;Mobiles
Sony Xperia M4 Aqua Dual SIM E2363 Red;5;1007-102029-HU03;209.60;7311271529071;Mobiles
Sony Xperia M4 Aqua Dual SIM E2363 Red;5;A22800393-HU11;254.00;;Mobiles
Sony Xperia M4 Aqua Dual SIM E2363 White;5;A22800391-HU11;254.00;;Mobiles
Sony Xperia M4 Aqua E2303 White;30;1007-101837-HU03;209.60;7311271520733;Mobiles
Sony Xperia SP LTE C5303 White;20;A22800151-HU11;198.20;;Mobiles
Sony Xperia Z LTE C6603 White;5;A22800112-HU11;260.20;;Mobiles
Sony Xperia Z1 Compact D5503 Pink;;B32200238-HU03;215.20;7311271457664;Mobiles
Sony Xperia Z1 Compact D5503 Pink;5;A22800224-HU11;238.50;;Mobiles
Sony Xperia Z1 Compact D5503 White;5;A22800227-HU11;238.50;;Mobiles
Sony Xperia Z2 D6503 Black;5;A22800278-HU11;362.40;;Mobiles
Sony Xperia Z2a D6563 + Dock Station Turquoise;20;1007-100831-HU03;263.90;7311271477846;Mobiles
Sony Xperia Z2a D6563 + Dock Station Turquoise;5;A22800385-HU11;331.50;;Mobiles
Sony Xperia Z2a D6563 + Dock Station White;5;A22800386-HU11;331.50;;Mobiles
Sony Xperia Z3 D6653 Black;5;B32200364-HU03;394.40;7311271482284;Mobiles
Sony Xperia Z3 D6653 Black;5;A22800308-HU11;402.80;;Mobiles
Sony Xperia Z3 D6653 Purple;5;1007-101146-HU03;380.20;7311271511151;Mobiles
Sony Xperia Z3 D6653 White;30;1007-100375-HU03;389.80;7311271484875;Mobiles
Sony Xperia Z3 D6653 + Dock Station Purple;5;A22800366-HU11;402.80;;Mobiles
Sony Xperia Z3 Dual LTE D6683 Black;5;A22800371-HU11;424.50;;Mobiles
Sony Xperia Z3 Dual LTE D6683 White;20;A22800372-HU11;424.50;;Mobiles
Sony Xperia Z3 Dual SIM D6633 White;5;A22800312-HU11;424.50;;Mobiles
Xiaomi MI 4 LTE White;5;A23400006-HU11;328.40;;Mobiles
Xiaomi Mi 3 Black;5;A23400003-HU11;235.40;;Mobiles
Xiaomi Mi Note 16GB White;5;A23400009-HU11;405.90;;Mobiles
Xiaomi Mi Note 64GB White;5;A23400010-HU11;467.90;;Mobiles
Xiaomi Power Bank 10400 Silver;5;A23400012-HU11;37.40;;Mobiles
Xiaomi Power Bank 16000 Silver;5;A23400013-HU11;37.40;;Mobiles
Xiaomi Redmi 1S Black;5;B32700006-HU03;113.90;6954176858856;Mobiles
Xiaomi Redmi 1S Black;5;A23400004-HU11;123.80;;Mobiles
Xiaomi Redmi 2 Black;5;A23400008-HU11;139.30;;Mobiles
Xiaomi Redmi 2 White;5;A23400007-HU11;139.30;;Mobiles
Xiaomi Redmi Note White;5;A23400011-HU11;148.60;;Mobiles
Yota YotaPhone 2 YD201 Black;5;A23500001-HU11;483.40;;Mobiles
ZTE Blade Q White;5;A22600010-HU11;142.40;;Mobiles
ZTE Blade Q Mini Black;5;A22600011-HU11;126.90;;Mobiles
ZTE Grand S Flex White;5;A22600009-HU11;204.40;;Mobiles
ZTE Kis Silver;5;A22600004-HU11;111.40;;Mobiles
ZTE Racer II P728B Black;5;A22600012-HU11;62.40;;Mobiles
